USE `track2career`;

INSERT INTO track (track_id, track_name)
VALUES ("T01", "Financial Technology"), ("T02", "Digital Business Solutioning"), ("T03", "Business Analytics"), 
("T04", "Software Development"), ("T05", "Cybersecurity"), ("T06", "Artificial Intelligence"), ("Core Courses", "Core Courses"), ("Non-Track Electives","Non-Track Electives);

INSERT INTO course (course_id, track_id, course_name, instructor_name)
VALUES ("IS112", "Core Courses", "Data Management", "ZHENG Baihua"), ("IS110", "Core Courses", "Information Systems & Innovation", "TANG Qian"), ("IS111", "Core Courses", "Introduction to Programming", "JIANG Jing"),
	   ("IS113", "Core Courses", "Web Application Development", "David LO"), ("IS210", "Core Courses", "Business Process Analysis and Solutioning", "Swapna GOTTIPARTI"), ("IS306", "Core Courses", "Interaction Design and Prototyping", "Benjamin GAN"),
	   ("IS212", "Core Courses", "Software Project Management", "Rajesh Krishna BALAN"), ("IS213", "Core Courses", "Enterprise Solution Development", "Venky SHAKARAMAN"), ("IS214", "Core Courses", "Enterprise Solution Management", "Paul GRIFFIN"),
	   ("IS103", "Core Courses", "Computational Thinking", "Hady Wirawan LAUW"), ("IS480", "Core Courses", "Information Systems Project Experience", "Benjamin GAN"),
	   ("IS444", "T01", "Digital Banking Enterprise Architecture", "Alan MEGARGEL"), ("IS419", "T01", "Retail Banking & Mobile Technology", "Patrick THNG"), ("IS423", "T01", "Financial Markets", "Gerard TONG"), ("IS445", "T01", "Corporate Banking & Smart Contracts", "Paul GRIFFIN"), ("IS430", "T01", "Digital Payments & Innovation", "Alan MEGARGEL"), 
	   ("IS441", "T02", "Digital Business: Technology & Transformation", "Swapna GOTTIPATI"), ("IS305", "T02", "Enterprise Web Solutions", "TAN Kar Way"), ("IS301", "T02", "Enterprise Integration", "Venky SHANKARARAMAN"),("IS412", "T02", "Enterprise Business Solutions", "Venky SHANKARARAMAN"), ("IS421", "T02", "Enterprise Analytics for Decision Support", "LAU Hoong Chuin"),
	   ("IS425", "T02", "Managing Information Systems for Business Value", "Annie NG/Wong Yuet Nan"), ("IS435", "T02", "Systems for Intelligent Cities", "KAN Siew Ning"), ("IS439", "T02", "IoT: Technology & Applications", "TAN Hwee Pink"), ("IS446", "T02", "Managing Customer Relations with Analytics: Asian Insights", "Rafael Barros"),
	   ("ANLY104", "T03", "Analytics Foundations", "Seema CHOKSHI/Manoj THULASIDAS/TAN Kar Way"),("IS415", "T03", "Geospatial Analytics & Applications", "KAM Tin Seong"), ("IS417", "T03", "Data Warehousing for Business Analytics", "Swapna GOTTIPATI"), ("IS424", "T03", "Data Mining & Business Analytics", "Steven HOI"),("IS428", "T03", "Visual Analytics for Business Intelligence", "KAM Tin Seong"),
	   ("IS434", "T03", "Social Analytics & Applications", "Kyong Jin SHIM"), ("IS450", "T03", "Text Mining and Language Processing", "Swapna GOTTIPATI"),("IS451", "T03", "Digital Analytics Technology", "LO Siaw Ling"),
	   ("IS442", "T04", "Object Oriented Programming", "LEE Yeow Leong"), ("IS416", "T04", "Mobile Application Development", "Thivya KANDAPPU"),
	   ("IS443", "T05", "Foundations of Cyber Security", "LI Yingjiu"), ("IS403", "T05", "Network Security", "DING Xuhua"), ("IS436", "T05", "Data Security & Privacy", "LI Yingjiu"), ("IS437", "T05", "Software & Systems Security", "Debin GAO"), ("Isxxx", "T05", "Strategic Cybersecurity Management", "WANG Qiuhong"),
	   ("IS448", "T06", "Introduction to Artificial Intelligence", "Pradeep VARAKANTHAM"), ("IS418", "T06", "Agent-based Modeling and Simulation", "CHENG Shih-Fen"), ("IS449", "T06", "Introduction to Machine Learning", "Steven HOI"),
	   ("ANLY482", "Non-Track Electives", "Analytics Practicum", "KAM Tin Seong"), ("IS102", "Non-Track Electives", "Computer as an Analysis Tool", "MA Dan/KIM Youngsoo"), ("IS204", "Non-Track Electives", "Networking", "Debin GAO"), ("IS410", "Non-Track Electives", "Advanced Data Management", "Kyriakos MOURATIDIS"), ("IS432", "Non-Track Electives", "Public Sector Systems", "KAN Siew Ning"), ("IS303", "Non-Track Electives", "Architectural Analysis", "OUH Eng Lieh/MOK Heng Ngee"),
	   ("IS406", "Non-Track Electives", "Supply Chain Processes and Technology", "N/A"),("IS404", "Non-Track Electives", "Technology Entrepeneurship Study Mission (Asia)", "Benjamin GAN"), ("IS438", "Non-Track Electives", "Financial Technology Study Mission", "N/A"), ("IS470", "Non-Track Electives", "Guided Research in Information Systems", "LI Yingjiu");

INSERT INTO skill (skill_id, skill_name, course_id)
VALUES ("SK01", "ER Modelling", "IS112"), ("SK02", "Relational Database", "IS112"), ("SK03", "Data Normalization", "IS112"),("SK04", "SQL", "IS112"), ("SK05", "Similarity Search of Unstructured Data", "IS112"), 
       ("SK06", "Process Diagram", "IS110"), ("SK07", "Business Process Innovation", "IS110"), ("SK08", "Cost Benefit Analysis", "IS110"), ("SK09", "Business Value Calculation", "IS110"), ("SK10", "Change Diagnosis", "IS110"),
       ("SK11", "Solution Impact Analysis", "IS110"), ("SK12", "Business Model Innovation", "IS110"),("SK13", "Business Ecosystem", "IS110"), ("SK14", "Case Analysis", "IS110"),
       ("SK15", "Programming Constructs", "IS111"), ("SK16", "Data Structures", "IS111"), ("SK17", "File Handling", "IS111"), ("SK18", "Problem Solving", "IS111"), 
       ("SK19", "Web Development", "IS113"), ("SK20", "Input Validation", "IS113"), ("SK21", "Database Connection", "IS113"), ("SK22", "Session Management", "IS113"), ("SK23", "Web page styling", "IS113"), ("SK24", "PHP", "IS113"), ("SK25", "HTML", "IS113"),
       ("SK26", "CSS", "IS113"), ("SK27", "Bootstrap", "IS113"),
       ("SK28", "Process Modelling", "IS210"), ("SK29", "Root Cause Analysis", "IS210"), ("SK30", "Recommendations", "IS210"), ("SK31", "Process Improvements", "IS210"), ("SK32", "Solutions Design", "IS210"), ("SK33", "Process Requirements", "IS210"), ("SK34", "Data Driven Process Improvements", "IS210"), ("SK35", "Process Innovation", "IS210"),
       ("SK36", "User Experience Design", "IS306"), ("SK37", "Design Thinking", "IS306"), ("SK38", "Empathy by Observation and Engagement", "IS306"), ("SK39", "Prototyping", "IS306"), ("SK40", "Design Testing", "IS306"), ("SK41", "Qualitative and Quantitative Analysis", "IS306"), ("SK42", "Heuristic Evaluation", "IS306"), ("SK43", "Laboratory Studies", "IS306"), ("SK44", "Web Experiement", "IS306"),
       ("SK45", "Project Management", "IS212"), ("SK46", "People Management", "IS212"), ("SK47", "Software Design", "IS212"), ("SK48", "User Acceptance Testing", "IS212"), ("SK49", "Implementation", "IS212"),
       ("SK50", "Integration middleware", "IS213"), ("SK51", "Service Oriented Architecture(SOA)", "IS213"), ("SK52", "XML", "IS213"), ("SK53", "JSON", "IS213"), ("SK54", "Web services", "IS213"),
       ("SK55", "Enterprise solution management ecosystem", "IS214"), ("SK56", "Change management", "IS214"), ("SK57", "Automated software delivery", "IS214"), ("SK58", "System quality metrics", "IS214"), ("SK59", "Presentation skills", "IS214"), ("SK60", "Support System", "IS214"), ("SK61", "Disaster Recovery", "IS214"),
       ("SK62", "Algorithm Design", "IS103"), ("SK63", "Complexity analysis", "IS103"), ("SK64", "Recursion", "IS103"), ("SK65", "Combinatorial counting", "IS103"), ("SK66", "Data structures", "IS103"), ("SK67", "Heuristic reasoning", "IS103"),
       ("SK68", "Project management", "IS480"), ("SK69", "Stakeholder management", "IS480"), ("SK70", "Software development Lifecycle", "IS480"), ("SK71", "Agile", "IS480"), ("SK72", "Software testing", "IS480"), ("SK73", "Software deployment", "IS480"), ("SK74", "Scope management", "IS480"), ("SK75", "Programming", "IS480"), ("SK76", "IT Architecture design", "IS480"), ("SK77", "User interface design", "IS480"),
       ("SK78", "Enterprise Architecture", "IS444"), ("SK79", "Service Oriented Architecture(SOA)", "IS444"), ("SK80", "Business Process Management", "IS444"), ("SK81", "Business Rules Management", "IS444"), ("SK82", "Master Data Management", "IS444"), ("SK83", "Enterprise Data Warehouse", "IS444"), ("SK84", "Banking Industry Models", "IS444"), ("SK85", "Large Scale Change Scenarios", "IS444"), ("SK86", "Target State Architecture", "IS444"), ("SK87", "Banking Case Studies", "IS444"),
       ("SK88", "Emerging FinTech Trends", "IS419"), ("SK89", "Retail banking", "IS419"), ("SK90", "Channels", "IS419"), ("SK91", "Core Banking", "IS419"), ("SK92", "Banking technology risk management", "IS419"), ("SK93", "Payments", "IS419"), ("SK94", "Banking analytics and data warehouse", "IS419"), ("SK95", "Financial Cybersecurity", "IS419"), ("SK96", "Mobile app development", "IS419"), ("SK97", "Banking product and services processes", "IS419"),
       ("SK98", "Financial Market Products", "IS423"), ("SK99", "Trade Lifecycle", "IS423"), ("SK100", "Trading Strategies", "IS423"), ("SK101", "Risk Management Systems", "IS423"), ("SK102", "Settlements Process", "IS423"), ("SK103", "Vanilla Options", "IS423"), ("SK104", "Building Algorithmic Trading Systems", "IS423"), ("SK105", "Developing Trading Systems Functionality", "IS423"), ("SK106", "Types of Markets", "IS423"), ("SK107", "Develop Market Making & Arbitrage Systems", "IS423"), 
       ("SK108", "Corporate banking", "IS445"), ("SK109", "Smart contracts", "IS445"), ("SK110", "Blockchain", "IS445"), ("SK111", "Core banking", "IS445"), ("SK112", "Corporate Lending", "IS445"), ("SK113", "Corporate lending", "IS445"), ("SK114", "Cash management", "IS445"), ("SK115", "Interbank payments", "IS445"), ("SK116", "Trade finance", "IS445"), ("SK117", "Foreign currency exchange", "IS445"), ("SK118", "Money market products", "IS445"),
       ("SK119", "Payment Instruments", "IS430"), ("SK120", "Credit Card Networks", "IS430"), ("SK121", "Clearing and Settlement", "IS430"), ("SK122", "Payments Architecture", "IS430"), ("SK123", "PSD2 and Open API", "IS430"), ("SK124", "FinTech Alternatives", "IS430"), ("SK125", "Cryptocurrencies", "IS430"),
       ("SK126", "Digital transformation", "IS441"), ("SK127", "Solution design", "IS441"), ("SK128", "Requirements", "IS441"), ("SK129", "Data processing", "IS441"), ("SK130", "Requirements", "IS441"), ("SK131", "Data processing", "IS441"), ("SK132", "Social media", "IS441"), ("SK133", "Analytics techniques", "IS441"), ("SK134", "Statistics techniques", "IS441"), ("SK135", "Cloud computing", "IS441"), ("SK136", "Mobile programming", "IS441"),
       ("SK137", "Digital Experience Platform", "IS305"), ("SK138", "Configuration and customisation of packaged software", "IS305"), ("SK139", "Enterprise Content management", "IS305"), ("SK140", "Collaboration", "IS305"), ("SK141", "Workflow", "IS305"), ("SK142", "Web publishing", "IS305"), ("SK143", "Enterprise Search", "IS305"), ("SK144", "Cloud solutions and architecture", "IS305"), ("SK145", "Serverless computing", "IS305"),
       ("SK146", "Integration middleware", "IS301"), ("SK147", "XML", "IS301"), ("SK148", "Web Service", "IS301"), ("SK149", "Service Oriented Architecture(SOA)", "IS301"), ("SK150", "JMS", "IS301"),
       ("SK151", "Enterprise Business Processes", "IS412"), ("SK152", "SAP", "IS412"), ("SK153", "ERP", "IS412"), ("SK154", "IOT", "IS412"), ("SK155", "Enterprise Services", "IS412"),
       ("SK156", "Optimization modeling", "IS421"), ("SK157", "Decision support system", "IS421"), ("SK158", "Sensitivity analysis", "IS421"), ("SK159", "AI search algorithms", "IS421"), ("SK160", "AI planning and scheduling", "IS421"), ("SK161", "Graph modeling", "IS421"), ("SK162", "Algorithm design", "IS421"),
       ("SK163", "IT Strategy", "IS425"), ("SK164", "IT Business Value", "IS425"), ("SK165", "IS Management, functions & Sourcing", "IS425"), ("SK166", "Change Management", "IS425"), ("SK167", "Risk Management", "IS425"), ("SK168", "IT Governance", "IS425"), ("SK169", "Enterprise Architecture", "IS425"), ("SK170", "Emerging Tech trends", "IS425"), ("SK171", "IT Leadership", "IS425"), ("SK172", "Collaboration & Communications", "IS425"),
       ("SK173", "Project Management", "IS435"), ("SK174", "Systems Engineering", "IS435"), ("SK175", "Systems Integration", "IS435"), ("SK176", "User Requirements Analysis", "IS435"), ("SK177", "Smart Technologies", "IS435"),
       ("SK178", "Problem formulation", "IS439"), ("SK179", "Solution requirements", "IS439"), ("SK180", "Solution constraints", "IS439"), ("SK181", "System prototype", "IS439"), ("SK182", "System design", "IS439"),
       ("SK183", "Create Analytic Dashboards to Manage the Customer Relationship Process", "IS446"), ("SK184", "Clean Data using a spreadsheet", "IS446"), ("SK185", "Clean Data using a Visual Analytic Tool", "IS446"), ("SK186", "Use interaction tools: drill down, marking and filter to enhance dashboard user experience", "IS446"), ("SK187", "Use a CRM tool Attract, Convert, Retain and Delight customers", "IS446"), ("SK188", "Configure the Sales Process in Salesforce", "IS446"), ("SK189", "Configure the Service Process in Salesforce", "IS446"),
       ("SK190", "Data visualisation", "ANLY104"), ("SK191", "Data cleaning and data preparation", "ANLY104"), ("SK192", "Data clustering", "ANLY104"), ("SK193", "Regression Analysis", "ANLY104"), ("SK194", "Association Analysis", "ANLY104"), ("SK195", "Problem solving", "ANLY104"), ("SK196", "Market Basket Analysis", "ANLY104"),
       ("SK197", "GIS concepts", "IS415"), ("SK198", "Geospatial data handling and management", "IS415"), ("SK199", "Geovisualisation and thematic mapping", "IS415"), ("SK200", "Vector-based GIS analysis methods", "IS415"), ("SK201", "Raster-based GIS analysis methods", "IS415"),("SK202", "Exploratory Spatial Data Analysis", "IS415"),
       ("SK203", "Spatial Point Patterns Analysis", "IS415"), ("SK204", "Geography of Accessibility", "IS415"), ("SK205", "Spatial Statistics", "IS415"), ("SK206", "GeoWeb Applications", "IS415"),
       ("SK207", "ETL", "IS417"), ("SK208", "Dimension modeling", "IS417"), ("SK209", "Architecture", "IS417"), ("SK210", "OLAP Cubes", "IS417"), ("SK211", "Reporting", "IS417"), ("SK212", "Data mining", "IS417"), ("SK213", "Decision Trees", "IS417"),
       ("SK214", "Exploratory Data Analysis", "IS424"), ("SK215", "Data Warehousing", "IS424"), ("SK216", "Data Mining", "IS424"), ("SK217", "Data Classification", "IS424"), ("SK218", "Cluster Analysis", "IS424"), ("SK219", "Association Mining", "IS424"), ("SK220", "Business Data Analysis", "IS424"),
       ("SK221", "Visual Analytics Concepts and best practice", "IS428"), ("SK222", "Univariate and Bivariate Data Analysis", "IS428"), ("SK223", "High-dimensional data visualisation", "IS428"), ("SK224", "Visualising and analysing hierachical data", "IS428"), ("SK225", "Visualising and Analysing time-series data", "IS428"), ("SK226", "Visualising and Analysing Geospatial Data", "IS428"),
       ("SK227", "Visualising and Analysing Network Data", "IS428"), ("SK228", "Text Data Analysis and Visualisation", "IS428"), ("SK228", "Programming Data Visualisation", "IS428"), ("SK229", "Designing Web-based Visual Analytics Application", "IS428"),
       ("SK230", "Data crawling", "IS434"), ("SK231", "Data scraping", "IS434"), ("SK232", "Social network analysis", "IS434"), ("SK233", "Natural language processing", "IS434"), ("SK234", "Data visualization", "IS434"), ("SK235", "Unstructured data", "IS434"), ("SK236", "Databases", "IS434"), ("SK237", "Python", "IS434"), ("SK238", "Consumer analytics", "IS434"), ("SK239", "Social Media APIs", "IS434"),
       ("SK240", "Information extraction", "IS450"), ("SK241", "Text classification and clustering", "IS450"), ("SK242", "Natural language processing", "IS450"), ("SK243", "Language parsing and analysis", "IS450"), ("SK244", "Topic modeling", "IS450"), ("SK245", "Evaluation models", "IS450"), ("SK246", "Text visualization models", "IS450"),
       ("SK247", "Object Orientation", "IS442"), ("SK248", "UML Diagrams", "IS442"), ("SK249", "Problem solving", "IS442"), ("SK250", "Data structures", "IS442"), ("SK251", "Version control", "IS442"),
       ("SK252", "Android programming", "IS416"), ("SK253", "Mobile Sensing", "IS416"), ("SK254", "Location services", "IS416"), ("SK255", "Context awareness", "IS416"), ("SK256", "Pervasive computing", "IS416"), ("SK257", "Smart cities", "IS416"), ("SK258", "Security and privacy", "IS416"), ("SK259", "Energy efficiency", "IS416"), ("SK260", "Machine learning", "IS416"),
       ("SK313","Route planning", "IS448"), ("SK314", "Deep learning for image processing","IS448"),("SK315","Deep learning for NLP","IS448"),
       ("SK316", "Reasoning and planning with uncertainty", "IS448"), ("SK317", "Deep reinforcement learning", "IS448"),
       ("SK318", "Bayesian networks","IS448"),("SK319", "Agent-based models", "IS418"), ("SK320", "Agent-based simulations", "IS418"), ("SK321","ABMS in decision-making", "IS418"),
       ("SK322", "Game-theoretic analysis", "IS418"), ("SK323", "Machine learning", "IS449"), ("SK324", "Deep learning", "IS449"),
       ("SK325", "Classification and regression", "IS449"), ("SK326", "Supervised learning", "IS449"), ("SK327", "Unsupervised learning", "IS449"),
       ("SK328", "Image recognition", "IS448"), ("SK329","Intelligent systems", "IS448"),("SK330","Symmetric key data encryption", "IS443"), ("SK331","Public key data encryption","IS443"),
       ("SK332", "Symmetric key data integrity verification", "IS443"), ("SK333","Public key data integrity verification"."IS443"), ("SK334", "Public key infrastructure","IS443"),
       ("SK335","Basic access control", "IS443"), ("SK336", "Firewall and intrusion detection","IS443"),
       ("SK337","Secure communications","IS403"), ("SK338","Network defence techniques","IS403"), ("SK339","Anonymous communications","IS403"),
       ("SK340","Internet routing security","IS403"),("SK341","Network attacks","IS403"),("SK342","Identity-based encryption","IS436"),
       ("SK343","Fuzzy identity-based encryption","IS436"),("SK344","Key policy attribute-based encryption","IS436"),("SK345","Ciphertext policy attribute-based encryption","IS436"),
       ("SK346","Mobile platform security model","IS436"), ("SK347","Access control in SELinux","IS436"),("SK348","Access control in SEAndroid","IS436"),
       ("SK349", "Vulnerability analysis", "IS437"),("SK350","Memory exploit","IS437"),("SK351","Buffer overflow","IS437"),("SK352","Format string","IS437"),("SK353","Injected code","IS437"),
       ("SK354", "Binary analysis","IS437"),("SK355","Data analytics discovery","ANLY482"),("SK356","Data preparation","ANLY482"),("SK357","Exploratory data analysis","ANLY482"),("SK358","Statistical learning","ANLY482"),("SK359","Data mining","ANLY482"),
       ("SK360","Predictive analytics","ANLY482"),("SK361","Model planning","ANLY482"),("SK362","Model building","ANLY482"),("SK363","Technical presentation","ANLY482"),
       ("SK364","Managerial communication","ANLY482"),("SK365","Business modelling","IS102"),("SK366","Data modelling in Excel", "IS102"),("SK367","Simulation in Excel","IS102"),
       ("SK368","Sensitivity analysis in Excel","IS102"),("SK369","ISO networking layers", "IS204"),("SK370","Internet networking layer","IS204"),("SK371", "TCP and IP","IS204"),("SK372","Routing","IS204"),("SK373","End-to-end transmission","IS204"),
       ("SK374","Database design","IS410"), ("SK375","Data organization","IS410"),("SK376","Indexing","IS410"),("SK377", "Spatial databases","IS410"),("SK378","Transaction management","IS410"),("SK379","Government regulation","IS432"),("SK380","Government procurement process","IS432"),("SK381","Government contracting","IS432"),("SK382","Government outsourcing","IS432"),("SK383", "User requirements analysis","IS432"),
       ("SK384","Architectural thinking","IS303"),("SK385","Architectural views", "IS303"),("SK386", "Availability design","IS303"),("SK387", "Security design","IS303"), ("SK388","Concurrency design","IS303"),("SK389","Performance design","IS303"),("SK390","Multi-threading programming","IS303"),
       ("SK391","Create business proposal","IS404"),("SK392","Offer technology-based business innovation","IS404"),
       ("SK393","Research problem definition","IS470"),("SK394","Performance analysis","IS470"),("SK395","Literature survey","IS470"),("SK396","Complexity analysis of algorithms","IS470"), ("SK397","Security analysis of protocols","IS470"),("SK398","Practicality of solutions","IS470");

--course required software,  software_id/software_name
INSERT INTO software (software_id, software_name, course_id)
VALUES ("SW01", "mySQL", "IS112"), ("SW02", "Visio", "IS110"), ("SW03", "Python", "IS111");

--prerequisite course id 
INSERT INTO prerequisite_course (prerequisite_course_id, course_id)
VALUES ("IS111", "IS113"), ("IS110","IS210"),("IS112", "IS212"), ("IS113", "IS212"), ("IS111", "IS305"), ("IS212", "IS305")
	   ("IS113","IS213"), ("IS212", "IS214"), ("IS213", "IS303"), ("IS210", "IS303"), ("IS443", "IS403"), ("IS213", "IS412"), ("IS213", "IS419"),("IS102", "IS418"),("IS103", "IS418"),("IS443", "IS419"),
	   ("IS102", "IS421"), ("IS103", "IS421"), ("IS112", "IS424"),("IS213", "IS430"), ("IS213", "IS432"), ("IS443", "IS432"),("IS443", "IS436"), ("IS443", "IS437"),("IS212", "IS439"),("IS213", "IS439"),
	   ("IS111", "IS442"),("IS213", "IS444"),("IS103", "IS448"),("IS210", "IS470"),("IS213", "IS470"),("IS212", "IS480");
--user details, note our registration page has no track_id thus students which they set academic details then put in their tracks
INSERT INTO user (user_id, user_type, username, password, email, school, track_id)
VALUES ("S1234567A", "student","GuineaPig", "tester", "test@smu.edu.sg", "NUS", ""), ("S9325681G", "admin","MoreLegit", "trustme", "mryandao@hotmail.com", "SMU", "T03");

--Courses which user has completed
INSERT INTO user_course (user_course_id, course_id, user_id) 
VALUES ("UC1", "IS112", "S1234567A"), ("UC2", "IS111", "SS9325681G");